{
  "export_version": "0.064",
  "framed_nodes": {},
  "groups": {},
  "nodes": {
    "Float": {
      "bl_idname": "FloatNode",
      "color": [
        0.6079999804496765,
        0.6079999804496765,
        0.6079999804496765
      ],
      "height": 100.0,
      "hide": false,
      "label": "z",
      "location": [
        -1792.6473388671875,
        -63.035308837890625
      ],
      "params": {
        "float_": 15.5595703125
      },
      "width": 140.0
    },
    "Float.001": {
      "bl_idname": "FloatNode",
      "color": [
        0.6079999804496765,
        0.6079999804496765,
        0.6079999804496765
      ],
      "height": 100.0,
      "hide": false,
      "label": "y",
      "location": [
        -1794.3074951171875,
        46.81354522705078
      ],
      "params": {
        "float_": 13.880859375
      },
      "width": 140.0
    },
    "Float.002": {
      "bl_idname": "FloatNode",
      "color": [
        0.6079999804496765,
        0.6079999804496765,
        0.6079999804496765
      ],
      "height": 100.0,
      "hide": false,
      "label": "x",
      "location": [
        -1796.4080810546875,
        161.64935302734375
      ],
      "params": {
        "float_": -7.2802734375
      },
      "width": 140.0
    },
    "Random Vector MK2": {
      "bl_idname": "RandomVectorNodeMK2",
      "color": [
        0.9200000166893005,
        0.9200000166893005,
        0.9200000166893005
      ],
      "height": 100.0,
      "hide": false,
      "label": "",
      "location": [
        -1584.008544921875,
        245.7386474609375
      ],
      "params": {
        "count_inner": 214,
        "seed": 5
      },
      "width": 140.0
    },
    "Vector Math.001": {
      "bl_idname": "SvVectorMathNodeMK2",
      "color": [
        0.6079999804496765,
        0.6079999804496765,
        0.6079999804496765
      ],
      "height": 100.0,
      "hide": false,
      "label": "",
      "location": [
        -1341.306884765625,
        135.7729034423828
      ],
      "params": {},
      "width": 140.0
    },
    "Vectors in": {
      "bl_idname": "GenVectorsNode",
      "color": [
        0.6079999804496765,
        0.6079999804496765,
        0.6079999804496765
      ],
      "height": 100.0,
      "hide": false,
      "label": "",
      "location": [
        -1585.8079833984375,
        86.33602905273438
      ],
      "params": {},
      "width": 140.0
    },
    "Viewer Draw2": {
      "bl_idname": "ViewerNode2",
      "color": [
        1.0,
        0.30000001192092896,
        0.0
      ],
      "height": 100.0,
      "hide": false,
      "label": "",
      "location": [
        -1094.7808837890625,
        510.3867492675781
      ],
      "params": {},
      "width": 140.0
    },
    "Viewer Draw2.001": {
      "bl_idname": "ViewerNode2",
      "color": [
        1.0,
        0.30000001192092896,
        0.0
      ],
      "height": 100.0,
      "hide": false,
      "label": "",
      "location": [
        -834.1950073242188,
        301.5809326171875
      ],
      "params": {},
      "width": 140.0
    },
    "Viewer text mk2": {
      "bl_idname": "ViewerNodeTextMK2",
      "color": [
        1.0,
        0.8993440270423889,
        0.9742509722709656
      ],
      "height": 100.0,
      "hide": false,
      "label": "",
      "location": [
        -1346.7274169921875,
        456.3681945800781
      ],
      "params": {},
      "width": 140.0
    },
    "Voronoi": {
      "bl_idname": "Voronoi2DNode",
      "color": [
        0.6079999804496765,
        0.6079999804496765,
        0.6079999804496765
      ],
      "height": 100.0,
      "hide": false,
      "label": "",
      "location": [
        -1123.8056640625,
        142.76254272460938
      ],
      "params": {
        "clip": 5.319999694824219
      },
      "width": 140.0
    }
  },
  "update_lists": [
    [
      "Float.002",
      "Float",
      "Vectors in",
      "X"
    ],
    [
      "Float.001",
      "Float",
      "Vectors in",
      "Y"
    ],
    [
      "Float",
      "Float",
      "Vectors in",
      "Z"
    ],
    [
      "Random Vector MK2",
      "Random",
      "Vector Math.001",
      "A"
    ],
    [
      "Vectors in",
      "Vectors",
      "Vector Math.001",
      "B"
    ],
    [
      "Vector Math.001",
      "Out",
      "Voronoi",
      "Vertices"
    ],
    [
      "Voronoi",
      "Vertices",
      "Viewer Draw2.001",
      "vertices"
    ],
    [
      "Voronoi",
      "Edges",
      "Viewer Draw2.001",
      "edg_pol"
    ],
    [
      "Vector Math.001",
      "Out",
      "Viewer Draw2",
      "vertices"
    ],
    [
      "Random Vector MK2",
      "Random",
      "Viewer text mk2",
      "vertices"
    ]
  ]
}