{
  "export_version": "0.065",
  "framed_nodes": {},
  "groups": {},
  "nodes": {
    "Apply matrix for vectors": {
      "bl_idname": "MatrixApplyNode",
      "color": [
        0.6079999804496765,
        0.6079999804496765,
        0.6079999804496765
      ],
      "height": 100.0,
      "hide": false,
      "label": "",
      "location": [
        514.718994140625,
        128.85997009277344
      ],
      "params": {},
      "width": 140.0
    },
    "Circle": {
      "bl_idname": "SvCircleNode",
      "color": [
        0.6079999804496765,
        0.6079999804496765,
        0.6079999804496765
      ],
      "height": 100.0,
      "hide": false,
      "label": "",
      "location": [
        -400.62200927734375,
        232.04861450195312
      ],
      "params": {
        "degr_": 6.2831854820251465,
        "vert_": 6
      },
      "width": 140.0
    },
    "Float": {
      "bl_idname": "FloatNode",
      "color": [
        0.6079999804496765,
        0.6079999804496765,
        0.6079999804496765
      ],
      "height": 100.0,
      "hide": false,
      "label": "",
      "location": [
        -693.4865112304688,
        44.08028793334961
      ],
      "params": {
        "float_": 1.7999999523162842
      },
      "width": 140.0
    },
    "Float Series": {
      "bl_idname": "SvGenFloatRange",
      "color": [
        0.6079999804496765,
        0.6079999804496765,
        0.6079999804496765
      ],
      "height": 100.0,
      "hide": false,
      "label": "",
      "location": [
        -142.84173583984375,
        -6.136859893798828
      ],
      "params": {
        "count_": 6,
        "mode": "FRANGE_STEP",
        "step_": 60.0,
        "stop_": 360.0
      },
      "width": 140.0
    },
    "Float.001": {
      "bl_idname": "FloatNode",
      "color": [
        0.6079999804496765,
        0.6079999804496765,
        0.6079999804496765
      ],
      "height": 100.0,
      "hide": false,
      "label": "",
      "location": [
        -691.677001953125,
        220.50314331054688
      ],
      "params": {
        "float_": 0.6399999856948853
      },
      "width": 140.0
    },
    "Index Viewer Draw": {
      "bl_idname": "IndexViewerNode",
      "color": [
        1.0,
        0.30000001192092896,
        0.0
      ],
      "height": 100.0,
      "hide": true,
      "label": "",
      "location": [
        648.33056640625,
        235.33934020996094
      ],
      "params": {},
      "width": 140.0
    },
    "Integer": {
      "bl_idname": "IntegerNode",
      "color": [
        0.6079999804496765,
        0.6079999804496765,
        0.6079999804496765
      ],
      "height": 100.0,
      "hide": false,
      "label": "",
      "location": [
        -693.2634887695312,
        -46.45466613769531
      ],
      "params": {
        "int_": 16
      },
      "width": 140.0
    },
    "Integer.001": {
      "bl_idname": "IntegerNode",
      "color": [
        0.6079999804496765,
        0.6079999804496765,
        0.6079999804496765
      ],
      "height": 100.0,
      "hide": false,
      "label": "",
      "location": [
        -695.5350952148438,
        134.72879028320312
      ],
      "params": {
        "int_": 8
      },
      "width": 140.0
    },
    "Matrix in.001": {
      "bl_idname": "SvMatrixGenNodeMK2",
      "color": [
        0.6079999804496765,
        0.6079999804496765,
        0.6079999804496765
      ],
      "height": 100.0,
      "hide": false,
      "label": "",
      "location": [
        92.29364013671875,
        15.59600830078125
      ],
      "params": {},
      "width": 140.0
    },
    "Move": {
      "bl_idname": "SvMoveNodeMK2",
      "color": [
        0.6079999804496765,
        0.6079999804496765,
        0.6079999804496765
      ],
      "height": 100.0,
      "hide": false,
      "label": "",
      "location": [
        137.00262451171875,
        245.15399169921875
      ],
      "params": {},
      "width": 140.0
    },
    "UV Connect": {
      "bl_idname": "LineConnectNodeMK2",
      "color": [
        0.6079999804496765,
        0.6079999804496765,
        0.6079999804496765
      ],
      "height": 100.0,
      "hide": false,
      "label": "",
      "location": [
        701.62939453125,
        168.81814575195312
      ],
      "params": {
        "cicl_check_U": 1,
        "cicl_check_V": 1,
        "dir_check": "U_dir",
        "polygons": "Pols",
        "slice_check": 0
      },
      "width": 140.0
    },
    "Vector X | Y | Z": {
      "bl_idname": "SvAxisInputNodeMK2",
      "color": [
        0.6079999804496765,
        0.6079999804496765,
        0.6079999804496765
      ],
      "height": 100.0,
      "hide": true,
      "label": "",
      "location": [
        -19.036222457885742,
        59.24535369873047
      ],
      "params": {
        "axis_x": "1",
        "axis_y": "0",
        "axis_z": "0"
      },
      "width": 100.0
    },
    "Vectors in": {
      "bl_idname": "GenVectorsNode",
      "color": [
        0.6079999804496765,
        0.6079999804496765,
        0.6079999804496765
      ],
      "height": 100.0,
      "hide": true,
      "label": "",
      "location": [
        -126.99453735351562,
        119.36439514160156
      ],
      "params": {
        "y_": 2.5799999237060547
      },
      "width": 100.0
    },
    "Viewer Draw2": {
      "bl_idname": "ViewerNode2",
      "color": [
        1.0,
        1.0,
        1.0
      ],
      "height": 100.0,
      "hide": false,
      "label": "",
      "location": [
        977.5845947265625,
        298.9686584472656
      ],
      "params": {
        "display_edges": 1,
        "display_faces": 1,
        "display_verts": 0,
        "edge_colors": [
          0.0,
          0.14438757300376892,
          0.8989997506141663
        ],
        "shading": 1
      },
      "width": 140.0
    },
    "function": {
      "bl_idname": "ScalarMathNode",
      "color": [
        0.6079999804496765,
        0.6079999804496765,
        0.6079999804496765
      ],
      "height": 100.0,
      "hide": false,
      "label": "",
      "location": [
        -394.1907043457031,
        -6.69438362121582
      ],
      "params": {
        "items_": "DIV",
        "x": 360.0
      },
      "width": 140.0
    }
  },
  "update_lists": [
    [
      "Integer",
      0,
      "function",
      1
    ],
    [
      "Float.001",
      0,
      "Circle",
      0
    ],
    [
      "Integer.001",
      0,
      "Circle",
      1
    ],
    [
      "Float",
      0,
      "Vectors in",
      1
    ],
    [
      "Circle",
      0,
      "Move",
      0
    ],
    [
      "Vectors in",
      0,
      "Move",
      1
    ],
    [
      "function",
      0,
      "Float Series",
      1
    ],
    [
      "Integer",
      0,
      "Float Series",
      2
    ],
    [
      "Vector X | Y | Z",
      0,
      "Matrix in.001",
      2
    ],
    [
      "Float Series",
      0,
      "Matrix in.001",
      3
    ],
    [
      "Move",
      0,
      "Apply matrix for vectors",
      0
    ],
    [
      "Matrix in.001",
      0,
      "Apply matrix for vectors",
      1
    ],
    [
      "Apply matrix for vectors",
      0,
      "UV Connect",
      0
    ],
    [
      "Apply matrix for vectors",
      0,
      "Index Viewer Draw",
      0
    ],
    [
      "UV Connect",
      0,
      "Viewer Draw2",
      0
    ],
    [
      "UV Connect",
      1,
      "Viewer Draw2",
      1
    ]
  ]
}