{
  "export_version": "0.055",
  "framed_nodes": {},
  "groups": {},
  "nodes": {
    "List Join": {
      "bl_idname": "ListJoinNode",
      "color": [
        0.6079999804496765,
        0.6079999804496765,
        0.6079999804496765
      ],
      "height": 100.0,
      "hide": false,
      "label": "",
      "location": [
        415.8853759765625,
        395.4215087890625
      ],
      "params": {
        "JoinLevel": 2,
        "mix_check": 1,
        "wrap_check": 0
      },
      "width": 140.0
    },
    "List Join.001": {
      "bl_idname": "ListJoinNode",
      "color": [
        0.6079999804496765,
        0.6079999804496765,
        0.6079999804496765
      ],
      "height": 100.0,
      "hide": false,
      "label": "",
      "location": [
        403.8757019042969,
        186.6735076904297
      ],
      "params": {
        "JoinLevel": 2,
        "mix_check": 1,
        "wrap_check": 0
      },
      "width": 140.0
    },
    "NGon": {
      "bl_idname": "SvNGonNode",
      "color": [
        0.0,
        0.5,
        0.5
      ],
      "height": 100.0,
      "hide": false,
      "label": "",
      "location": [
        165.02207946777344,
        404.23052978515625
      ],
      "params": {
        "rad_": 0.6100000143051147,
        "sides_": 10
      },
      "width": 140.0
    },
    "NGon.001": {
      "bl_idname": "SvNGonNode",
      "color": [
        0.0,
        0.5,
        0.5
      ],
      "height": 100.0,
      "hide": false,
      "label": "",
      "location": [
        151.4674072265625,
        159.56655883789062
      ],
      "params": {
        "rand_phi_": 0.11999999731779099,
        "rand_r_": 0.21899999678134918,
        "rand_seed_": 0.024000000208616257,
        "shift_": 2,
        "sides_": 10
      },
      "width": 140.0
    },
    "Remove Doubles BETA": {
      "bl_idname": "SvRemoveDoublesNode",
      "color": [
        0.6079999804496765,
        0.6079999804496765,
        0.6079999804496765
      ],
      "height": 100.0,
      "hide": false,
      "label": "",
      "location": [
        683.8456420898438,
        279.7306823730469
      ],
      "params": {},
      "width": 140.0
    },
    "UV Connect": {
      "bl_idname": "LineConnectNodeMK2",
      "color": [
        0.6079999804496765,
        0.6079999804496765,
        0.6079999804496765
      ],
      "height": 100.0,
      "hide": false,
      "label": "",
      "location": [
        891.7207641601562,
        267.5235900878906
      ],
      "params": {
        "cicl_check": 1,
        "dir_check": "U_dir",
        "polygons": "Pols",
        "slice_check": 1
      },
      "width": 140.0
    },
    "Viewer Draw2": {
      "bl_idname": "ViewerNode2",
      "color": [
        1.0,
        0.30000001192092896,
        0.0
      ],
      "height": 100.0,
      "hide": false,
      "label": "",
      "location": [
        1123.4981689453125,
        361.39068603515625
      ],
      "params": {
        "callback_timings": 0,
        "ngon_tessellate": 1,
        "shading": 0
      },
      "width": 140.0
    }
  },
  "update_lists": [
    [
      "NGon",
      "Edges",
      "List Join.001",
      "data"
    ],
    [
      "NGon.001",
      "Edges",
      "List Join.001",
      "data 1"
    ],
    [
      "NGon",
      "Vertices",
      "List Join",
      "data"
    ],
    [
      "NGon.001",
      "Vertices",
      "List Join",
      "data 1"
    ],
    [
      "List Join",
      "data",
      "Remove Doubles BETA",
      "Vertices"
    ],
    [
      "List Join.001",
      "data",
      "Remove Doubles BETA",
      "PolyEdge"
    ],
    [
      "Remove Doubles BETA",
      "Vertices",
      "UV Connect",
      "vertices"
    ],
    [
      "UV Connect",
      "vertices",
      "Viewer Draw2",
      "vertices"
    ],
    [
      "UV Connect",
      "data",
      "Viewer Draw2",
      "edg_pol"
    ]
  ]
}