{
  "export_version": "0.064",
  "framed_nodes": {},
  "groups": {},
  "nodes": {
    "Bmesh Viewer Draw": {
      "bl_idname": "SvBmeshViewerNodeMK2",
      "color": [
        1.0,
        0.30000001192092896,
        0.0
      ],
      "height": 100.0,
      "hide": false,
      "label": "",
      "location": [
        1259.767578125,
        683.3355712890625
      ],
      "params": {
        "autosmooth": 1,
        "basemesh_name": "Beta",
        "hide": 0
      },
      "width": 140.0
    },
    "Bmesh Viewer Draw.001": {
      "bl_idname": "SvBmeshViewerNodeMK2",
      "color": [
        1.0,
        0.30000001192092896,
        0.0
      ],
      "height": 100.0,
      "hide": false,
      "label": "",
      "location": [
        866.324462890625,
        940.6449584960938
      ],
      "params": {
        "autosmooth": 1,
        "basemesh_name": "Theta",
        "hide": 0
      },
      "width": 140.0
    },
    "Circle": {
      "bl_idname": "SvCircleNode",
      "color": [
        0.6079999804496765,
        0.6079999804496765,
        0.6079999804496765
      ],
      "height": 100.0,
      "hide": false,
      "label": "",
      "location": [
        73.36659240722656,
        435.3722839355469
      ],
      "params": {
        "degr_": 6.2831854820251465,
        "rad_": 2.440000057220459
      },
      "width": 140.0
    },
    "Circle.001": {
      "bl_idname": "SvCircleNode",
      "color": [
        0.6079999804496765,
        0.6079999804496765,
        0.6079999804496765
      ],
      "height": 100.0,
      "hide": false,
      "label": "",
      "location": [
        51.55242919921875,
        687.5572509765625
      ],
      "params": {
        "degr_": 6.2831854820251465,
        "rad_": 1.0
      },
      "width": 140.0
    },
    "Float": {
      "bl_idname": "FloatNode",
      "color": [
        0.6079999804496765,
        0.6079999804496765,
        0.6079999804496765
      ],
      "height": 100.0,
      "hide": false,
      "label": "",
      "location": [
        89.28596496582031,
        871.6251831054688
      ],
      "params": {},
      "width": 140.0
    },
    "Float Series": {
      "bl_idname": "SvGenFloatRange",
      "color": [
        0.6079999804496765,
        0.6079999804496765,
        0.6079999804496765
      ],
      "height": 100.0,
      "hide": false,
      "label": "",
      "location": [
        508.210693359375,
        551.4186401367188
      ],
      "params": {
        "count_": 12,
        "mode": "FRANGE_COUNT",
        "stop_": 1.0
      },
      "width": 140.0
    },
    "List Flip Node": {
      "bl_idname": "ListFlipNode",
      "color": [
        0.6079999804496765,
        0.6079999804496765,
        0.6079999804496765
      ],
      "height": 100.0,
      "hide": false,
      "label": "",
      "location": [
        488.83392333984375,
        711.1985473632812
      ],
      "params": {},
      "width": 140.0
    },
    "List Join": {
      "bl_idname": "ListJoinNode",
      "color": [
        0.6079999804496765,
        0.6079999804496765,
        0.6079999804496765
      ],
      "height": 100.0,
      "hide": false,
      "label": "",
      "location": [
        312.3375244140625,
        738.9984741210938
      ],
      "params": {},
      "width": 140.0
    },
    "List Length": {
      "bl_idname": "ListLengthNode",
      "color": [
        0.6079999804496765,
        0.6079999804496765,
        0.6079999804496765
      ],
      "height": 100.0,
      "hide": false,
      "label": "",
      "location": [
        -109.90770721435547,
        378.78363037109375
      ],
      "params": {},
      "width": 140.0
    },
    "Matrix in": {
      "bl_idname": "SvMatrixGenNodeMK2",
      "color": [
        0.6079999804496765,
        0.6079999804496765,
        0.6079999804496765
      ],
      "height": 100.0,
      "hide": false,
      "label": "",
      "location": [
        594.3806762695312,
        378.27886962890625
      ],
      "params": {},
      "width": 140.0
    },
    "Script Generator": {
      "bl_idname": "SvScriptNode",
      "color": [
        0.0,
        0.800000011920929,
        0.949999988079071
      ],
      "height": 100.0,
      "hide": false,
      "label": "length",
      "location": [
        -446.04864501953125,
        369.94342041015625
      ],
      "params": {
        "button_names": "",
        "files_popup": "sv_lang_template.sn",
        "float_list": [
          0.0,
          1.0,
          1.100000023841858,
          1.0,
          4.0,
          5.0,
          6.0,
          7.0,
          8.0,
          9.0,
          10.0,
          11.0,
          12.0,
          13.0,
          14.0,
          15.0,
          16.0,
          17.0,
          18.0,
          19.0,
          20.0,
          21.0,
          22.0,
          23.0,
          24.0,
          25.0,
          26.0,
          27.0,
          28.0,
          29.0,
          30.0,
          31.0
        ],
        "has_buttons": 0,
        "script_name": "length",
        "script_str": "def sv_main(vecs=[]):\n\n    in_sockets = [\n        ['v', 'Vectors',  vecs]\n    ]\n    \n    from mathutils import Vector\n\n    total_l = []\n    \n    for v_own in vecs:\n        if type(v_own) == list:\n            for v in v_own:\n                total_l.append(Vector(v).length)\n        else:\n            total_l.append(Vector(v_own).length)\n\n    out_sockets = [\n        ['s', 'Total length', [total_l]]\n    ]\n\n    return in_sockets, out_sockets\n",
        "user_name": "templates"
      },
      "width": 140.0
    },
    "Script Generator.001": {
      "bl_idname": "SvScriptNode",
      "color": [
        0.0,
        0.800000011920929,
        0.949999988079071
      ],
      "height": 100.0,
      "hide": false,
      "label": "petal_sine.py",
      "location": [
        -630.9722290039062,
        397.07220458984375
      ],
      "params": {
        "button_names": "",
        "files_popup": "petal_sine.py",
        "float_list": [
          0.0,
          1.0,
          1.100000023841858,
          3.0,
          0.2799999713897705,
          5.0,
          6.0,
          7.0,
          8.0,
          9.0,
          10.0,
          11.0,
          12.0,
          13.0,
          14.0,
          15.0,
          16.0,
          17.0,
          18.0,
          19.0,
          20.0,
          21.0,
          22.0,
          23.0,
          24.0,
          25.0,
          26.0,
          27.0,
          28.0,
          29.0,
          30.0,
          31.0
        ],
        "has_buttons": 0,
        "int_list": [
          0,
          12,
          24,
          3,
          4,
          5,
          6,
          7,
          8,
          9,
          10,
          11,
          12,
          13,
          14,
          15,
          16,
          17,
          18,
          19,
          20,
          21,
          22,
          23,
          24,
          25,
          26,
          27,
          28,
          29,
          30,
          31
        ],
        "script_name": "petal_sine.py",