{
  "export_version": "0.055",
  "framed_nodes": {},
  "groups": {},
  "nodes": {
    "Bevel": {
      "bl_idname": "SvBevelNode",
      "color": [
        0.6079999804496765,
        0.6079999804496765,
        0.6079999804496765
      ],
      "height": 100.0,
      "hide": false,
      "label": "",
      "location": [
        1209.6728515625,
        309.3603515625
      ],
      "params": {
        "offsetType": "3",
        "offset_": 10.019999504089355
      },
      "width": 140.0
    },
    "Bricks": {
      "bl_idname": "SvBricksNode",
      "color": [
        0.6079999804496765,
        0.6079999804496765,
        0.6079999804496765
      ],
      "height": 100.0,
      "hide": false,
      "label": "",
      "location": [
        -415.9936828613281,
        -164.00790405273438
      ],
      "params": {
        "du_": 0.4000000059604645,
        "dv_": 0.43000003695487976,
        "toothing_": 0.05999999865889549
      },
      "width": 140.0
    },
    "Calc Normals": {
      "bl_idname": "GetNormalsNode",
      "color": [
        0.6079999804496765,
        0.6079999804496765,
        0.6079999804496765
      ],
      "height": 100.0,
      "hide": false,
      "label": "",
      "location": [
        417.34197998046875,
        521.304931640625
      ],
      "params": {},
      "width": 140.0
    },
    "Extrude Separate": {
      "bl_idname": "SvExtrudeSeparateNode",
      "color": [
        0.6079999804496765,
        0.6079999804496765,
        0.6079999804496765
      ],
      "height": 100.0,
      "hide": false,
      "label": "",
      "location": [
        796.8033447265625,
        192.25279235839844
      ],
      "params": {
        "height_": 0.36000001430511475,
        "scale_": 0.7000001668930054
      },
      "width": 140.0
    },
    "Float": {
      "bl_idname": "FloatNode",
      "color": [
        0.6079999804496765,
        0.6079999804496765,
        0.6079999804496765
      ],
      "height": 100.0,
      "hide": false,
      "label": "",
      "location": [
        -690.4656982421875,
        112.96148681640625
      ],
      "params": {
        "float_": 3.93999981880188
      },
      "width": 140.0
    },
    "Float.001": {
      "bl_idname": "FloatNode",
      "color": [
        0.6079999804496765,
        0.6079999804496765,
        0.6079999804496765
      ],
      "height": 100.0,
      "hide": false,
      "label": "",
      "location": [
        -689.5211181640625,
        9.925483703613281
      ],
      "params": {
        "float_": 2.859999895095825
      },
      "width": 140.0
    },
    "Float.002": {
      "bl_idname": "FloatNode",
      "color": [
        0.6079999804496765,
        0.6079999804496765,
        0.6079999804496765
      ],
      "height": 100.0,
      "hide": false,
      "label": "",
      "location": [
        -694.243896484375,
        -77.98596954345703
      ],
      "params": {
        "float_": 0.6699999570846558
      },
      "width": 140.0
    },
    "Float.003": {
      "bl_idname": "FloatNode",
      "color": [
        0.6079999804496765,
        0.6079999804496765,
        0.6079999804496765
      ],
      "height": 100.0,
      "hide": false,
      "label": "",
      "location": [
        -698.9666748046875,
        -177.2408447265625
      ],
      "params": {
        "float_": 0.6100000143051147
      },
      "width": 140.0
    },
    "Float.004": {
      "bl_idname": "FloatNode",
      "color": [
        0.6079999804496765,
        0.6079999804496765,
        0.6079999804496765
      ],
      "height": 100.0,
      "hide": false,
      "label": "",
      "location": [
        -700.8557739257812,
        -269.87872314453125
      ],
      "params": {},
      "width": 140.0
    },
    "Float.005": {
      "bl_idname": "FloatNode",
      "color": [
        0.6079999804496765,
        0.6079999804496765,
        0.6079999804496765
      ],
      "height": 100.0,
      "hide": false,
      "label": "",
      "location": [
        -705.5785522460938,
        -357.7901611328125
      ],
      "params": {},
      "width": 140.0
    },
    "Float.006": {
      "bl_idname": "FloatNode",
      "color": [
        0.6079999804496765,
        0.6079999804496765,
        0.6079999804496765
      ],
      "height": 100.0,
      "hide": false,
      "label": "",
      "location": [
        -708.4122314453125,
        -439.0846252441406
      ],
      "params": {},
      "width": 140.0
    },
    "Map Range": {
      "bl_idname": "SvMapRangeNode",
      "color": [
        0.6079999804496765,
        0.6079999804496765,
        0.6079999804496765
      ],
      "height": 100.0,
      "hide": false,
      "label": "",
      "location": [
        -42.95111083984375,
        73.45034790039062
      ],
      "params": {
        "new_max": 1.0,
        "new_min": 0.0,
        "old_max": 10.0
      },
      "width": 140.0
    },
    "ProfileNode": {
      "bl_idname": "SvProfileNode",
      "color": [
        0.6079999804496765,
        0.6079999804496765,
        0.6079999804496765
      ],
      "height": 100.0,
      "hide": false,
      "label": "",
      "location": [
        -422.2137145996094,
        193.31068420410156
      ],
      "params": {
        "filename": "Untitled"
      },
      "path_file": "L -a,b -d,b -d,(b-c) d,(b-c) d,b a,b a,g\nA g,g 0 1 0 a,-g 8\nL a,-b f,-b f,(-b-e) -f,(-b-e) -f,-b -a,-b\nX",
      "width": 140.0
    },
    "UV Connect": {
      "bl_idname": "LineConnectNodeMK2",
      "color": [
        0.6079999804496765,
        0.6079999804496765,
        0.6079999804496765
      ],
      "height": 100.0,
      "hide": false,
      "label": "",
      "location": [
        186.0283966064453,
        465.7212829589844
      ],
      "params": {
        "cicl_check": 1,
        "dir_check": "V_dir",
        "polygons": "Pols",
        "slice_check": 0
      },
      "width": 140.0
    },
    "Vector Interpolation": {
      "bl_idname": "SvInterpolationNode",
      "color": [
        0.6079999804496765,
        0.6079999804496765,
        0.6079999804496765
      ],
      "height": 100.0,
      "hide": false,
      "label": "",
      "location": [
        194.9788818359375,
        237.77928161621094
      ],
      "params": {},
      "width": 140.0
    },
    "Vectors Move": {
      "bl_idname": "VectorMoveNode",
      "color": [
        0.6079999804496765,
        0.6079999804496765,
        0.6079999804496765
      ],
      "height": 100.0,
      "hide": false,
      "label": "",
      "location": [
        -78.9146728515625,
        386.176513671875
      ],
      "params": {},
      "width": 140.0
    },
    "Vectors Move.001": {
      "bl_idname": "VectorMoveNode",
      "color": [
        0.6079999804496765,
        0.6079999804496765,
        0.6079999804496765
      ],
      "height": 100.0,
      "hide": false,
      "label": "",
      "location": [
        600.2161865234375,
        589.3561401367188
      ],
      "params": {
        "mult_": -0.5
      },
      "width": 140.0
    },
    "Vectors in": {
      "bl_idname": "GenVectorsNode",
      "color": [
        0.6079999804496765,
        0.6079999804496765,
        0.6079999804496765
      ],
      "height": 100.0,
      "hide": false,
      "label": "",
      "location": [
        604.0654296875,
        18.623830795288086
      ],
      "params": {},
      "width": 100.0
    },
    "Vectors in.001": {
      "bl_idname": "GenVectorsNode",
      "color": [
        0.6079999804496765,
        0.6079999804496765,
        0.6079999804496765
      ],
      "height": 100.0,
      "hide": false,
      "label": "",
      "location": [
        -312.94775390625,
        382.86212158203125
      ],
      "params": {
        "z_": 10.0
      },
      "width": 100.0
    },
    "Vectors out": {
      "bl_idname": "VectorsOutNode",
      "color": [
        0.6079999804496765,
        0.6079999804496765,
        0.6079999804496765
      ],
      "height": 100.0,
      "hide": false,
      "label": "",