{
  "export_version": "0.065",
  "framed_nodes": {},
  "groups": {},
  "nodes": {
    "Apply matrix for vectors": {
      "bl_idname": "MatrixApplyNode",
      "color": [
        0.6079999804496765,
        0.6079999804496765,
        0.6079999804496765
      ],
      "height": 100.0,
      "hide": true,
      "label": "",
      "location": [
        222.52587890625,
        184.57174682617188
      ],
      "params": {},
      "width": 140.0
    },
    "Float": {
      "bl_idname": "FloatNode",
      "color": [
        0.6079999804496765,
        0.6079999804496765,
        0.6079999804496765
      ],
      "height": 100.0,
      "hide": false,
      "label": "",
      "location": [
        -611.575439453125,
        340.2852783203125
      ],
      "params": {
        "float_": -2.8999996185302734
      },
      "width": 140.0
    },
    "Float.001": {
      "bl_idname": "FloatNode",
      "color": [
        0.6079999804496765,
        0.6079999804496765,
        0.6079999804496765
      ],
      "height": 100.0,
      "hide": false,
      "label": "",
      "location": [
        -611.5811767578125,
        261.9651184082031
      ],
      "params": {
        "float_": -11.029999732971191
      },
      "width": 140.0
    },
    "Float.002": {
      "bl_idname": "FloatNode",
      "color": [
        0.6079999804496765,
        0.6079999804496765,
        0.6079999804496765
      ],
      "height": 100.0,
      "hide": false,
      "label": "",
      "location": [
        -610.4056396484375,
        183.64495849609375
      ],
      "params": {
        "float_": -13.309999465942383
      },
      "width": 140.0
    },
    "Float.003": {
      "bl_idname": "FloatNode",
      "color": [
        0.6079999804496765,
        0.6079999804496765,
        0.6079999804496765
      ],
      "height": 100.0,
      "hide": false,
      "label": "",
      "location": [
        -612.7447509765625,
        107.66273498535156
      ],
      "params": {
        "float_": -6.979999542236328
      },
      "width": 140.0
    },
    "Float.004": {
      "bl_idname": "FloatNode",
      "color": [
        0.6079999804496765,
        0.6079999804496765,
        0.6079999804496765
      ],
      "height": 100.0,
      "hide": false,
      "label": "",
      "location": [
        -613.914794921875,
        31.68049430847168
      ],
      "params": {
        "float_": -6.5
      },
      "width": 140.0
    },
    "Float.005": {
      "bl_idname": "FloatNode",
      "color": [
        0.6079999804496765,
        0.6079999804496765,
        0.6079999804496765
      ],
      "height": 100.0,
      "hide": false,
      "label": "",
      "location": [
        -616.2547607421875,
        -41.96382522583008
      ],
      "params": {
        "float_": 0.6700001955032349
      },
      "width": 140.0
    },
    "Float.006": {
      "bl_idname": "FloatNode",
      "color": [
        0.6079999804496765,
        0.6079999804496765,
        0.6079999804496765
      ],
      "height": 100.0,
      "hide": false,
      "label": "",
      "location": [
        -615.0845336914062,
        -134.31146240234375
      ],
      "params": {
        "float_": -11.899999618530273
      },
      "width": 140.0
    },
    "Float.007": {
      "bl_idname": "FloatNode",
      "color": [
        0.6079999804496765,
        0.6079999804496765,
        0.6079999804496765
      ],
      "height": 100.0,
      "hide": false,
      "label": "",
      "location": [
        -615.084716796875,
        -207.9557647705078
      ],
      "params": {
        "float_": 12.790000915527344
      },
      "width": 140.0
    },
    "Float.008": {
      "bl_idname": "FloatNode",
      "color": [
        0.6079999804496765,
        0.6079999804496765,
        0.6079999804496765
      ],
      "height": 100.0,
      "hide": false,
      "label": "",
      "location": [
        -616.2557373046875,
        -280.43115234375
      ],
      "params": {
        "float_": -0.8600001931190491
      },
      "width": 140.0
    },
    "Float.009": {
      "bl_idname": "FloatNode",
      "color": [
        0.6079999804496765,
        0.6079999804496765,
        0.6079999804496765
      ],
      "height": 100.0,
      "hide": false,
      "label": "",
      "location": [
        -617.42431640625,
        -357.58233642578125
      ],
      "params": {
        "float_": 5.289999961853027
      },
      "width": 140.0
    },
    "Float.010": {
      "bl_idname": "FloatNode",
      "color": [
        0.6079999804496765,
        0.6079999804496765,
        0.6079999804496765
      ],
      "height": 100.0,
      "hide": false,
      "label": "",
      "location": [
        -616.25537109375,
        -432.3956298828125
      ],
      "params": {
        "float_": 0.0
      },
      "width": 140.0
    },
    "Float.011": {
      "bl_idname": "FloatNode",
      "color": [
        0.6079999804496765,
        0.6079999804496765,
        0.6079999804496765
      ],
      "height": 100.0,
      "hide": false,
      "label": "",
      "location": [
        -616.2548828125,
        -503.7020263671875
      ],
      "params": {
        "float_": 2.3999998569488525
      },
      "width": 140.0
    },
    "Float.012": {
      "bl_idname": "FloatNode",
      "color": [
        0.6079999804496765,
        0.6079999804496765,
        0.6079999804496765
      ],
      "height": 100.0,
      "hide": false,
      "label": "",
      "location": [
        -47.03376770019531,
        69.18597412109375
      ],
      "params": {
        "float_": -17.09000587463379
      },
      "width": 140.0
    },
    "Float.013": {
      "bl_idname": "FloatNode",
      "color": [
        0.6079999804496765,
        0.6079999804496765,
        0.6079999804496765
      ],
      "height": 100.0,
      "hide": false,
      "label": "",
      "location": [
        1026.073486328125,
        -207.22750854492188
      ],
      "params": {
        "float_": 2.409998893737793
      },
      "width": 140.0
    },
    "Frame info": {
      "bl_idname": "SvFrameInfoNodeMK2",
      "color": [
        0.904932975769043,
        1.0,
        0.883421003818512
      ],
      "height": 100.0,
      "hide": false,
      "label": "",
      "location": [
        -225.56858825683594,
        -246.8809814453125
      ],
      "params": {},
      "width": 140.0
    },
    "Hilbert3d": {
      "bl_idname": "Hilbert3dNode",
      "color": [
        0.6079999804496765,
        0.6079999804496765,
        0.6079999804496765
      ],
      "height": 100.0,
      "hide": false,
      "label": "",
      "location": [
        572.3404541015625,
        86.20455932617188
      ],
      "params": {
        "level_": 2,
        "size_": 1.7799999713897705
      },
      "width": 140.0
    },
    "List Join": {
      "bl_idname": "ListJoinNode",
      "color": [
        0.6079999804496765,
        0.6079999804496765,
        0.6079999804496765
      ],
      "height": 100.0,
      "hide": true,
      "label": "",
      "location": [
        567.9996337890625,
        250.34652709960938
      ],
      "params": {
        "JoinLevel": 1,
        "mix_check": 0,
        "wrap_check": 1
      },
      "width": 138.83123779296875
    },
    "Matrix in.002": {
      "bl_idname": "SvMatrixGenNodeMK2",
      "color": [
        0.6079999804496765,
        0.6079999804496765,
        0.6079999804496765
      ],
      "height": 100.0,
      "hide": false,
      "label": "",
      "location": [
        124.9376449584961,
        368.76513671875
      ],
      "params": {},
      "width": 140.0
    },