{
  "export_version": "0.064",
  "framed_nodes": {},
  "groups": {},
  "nodes": {
    "Apply matrix for vectors": {
      "bl_idname": "MatrixApplyNode",
      "color": [
        0.6079999804496765,
        0.6079999804496765,
        0.6079999804496765
      ],
      "height": 100.0,
      "hide": false,
      "label": "",
      "location": [
        -56.557159423828125,
        -782.6094970703125
      ],
      "params": {},
      "width": 140.0
    },
    "Apply matrix for vectors.001": {
      "bl_idname": "MatrixApplyNode",
      "color": [
        0.6079999804496765,
        0.6079999804496765,
        0.6079999804496765
      ],
      "height": 100.0,
      "hide": false,
      "label": "",
      "location": [
        -27.075637817382812,
        -1271.139892578125
      ],
      "params": {},
      "width": 140.0
    },
    "Circle": {
      "bl_idname": "SvCircleNode",
      "color": [
        0.9200000166893005,
        0.9200000166893005,
        0.9200000166893005
      ],
      "height": 100.0,
      "hide": false,
      "label": "",
      "location": [
        -237.0751190185547,
        -355.93524169921875
      ],
      "params": {
        "degr_": 6.2831854820251465,
        "vert_": 86
      },
      "width": 140.0
    },
    "Circle.001": {
      "bl_idname": "SvCircleNode",
      "color": [
        0.9200000166893005,
        0.9200000166893005,
        0.9200000166893005
      ],
      "height": 100.0,
      "hide": false,
      "label": "",
      "location": [
        -242.92063903808594,
        -627.15185546875
      ],
      "params": {
        "degr_": 1.5707963705062866,
        "mode_": 1,
        "vert_": 21
      },
      "width": 140.0
    },
    "Circle.002": {
      "bl_idname": "SvCircleNode",
      "color": [
        0.9200000166893005,
        0.9200000166893005,
        0.9200000166893005
      ],
      "height": 100.0,
      "hide": false,
      "label": "",
      "location": [
        -393.0039978027344,
        -1292.1824951171875
      ],
      "params": {
        "degr_": 6.2831854820251465,
        "vert_": 4
      },
      "width": 140.0
    },
    "Float": {
      "bl_idname": "FloatNode",
      "color": [
        0.6079999804496765,
        0.6079999804496765,
        0.6079999804496765
      ],
      "height": 100.0,
      "hide": false,
      "label": "",
      "location": [
        -454.0511474609375,
        -896.006103515625
      ],
      "params": {
        "float_": -45.0
      },
      "width": 140.0
    },
    "Float Series": {
      "bl_idname": "SvGenFloatRange",
      "color": [
        0.6079999804496765,
        0.6079999804496765,
        0.6079999804496765
      ],
      "height": 100.0,
      "hide": false,
      "label": "",
      "location": [
        -552.2169189453125,
        -47.345985412597656
      ],
      "params": {
        "count_": 4,
        "mode": "FRANGE_STEP",
        "start_": 0.25,
        "step_": 0.5
      },
      "width": 140.0
    },
    "Float.001": {
      "bl_idname": "FloatNode",
      "color": [
        0.6079999804496765,
        0.6079999804496765,
        0.6079999804496765
      ],
      "height": 100.0,
      "hide": false,
      "label": "",
      "location": [
        -566.8184814453125,
        -708.0552978515625
      ],
      "params": {
        "float_": 1.3299999237060547
      },
      "width": 109.6033935546875
    },
    "Formula2": {
      "bl_idname": "Formula2Node",
      "color": [
        0.6079999804496765,
        0.6079999804496765,
        0.6079999804496765
      ],
      "height": 100.0,
      "hide": false,
      "label": "",
      "location": [
        -40.71611785888672,
        -73.02828216552734
      ],
      "params": {
        "formula": "[[0,2],[1,3]]"
      },
      "width": 140.0
    },
    "Formula2.001": {
      "bl_idname": "Formula2Node",
      "color": [
        0.6079999804496765,
        0.6079999804496765,
        0.6079999804496765
      ],
      "height": 100.0,
      "hide": false,
      "label": "",
      "location": [
        327.3905944824219,
        18.66961669921875
      ],
      "params": {
        "formula": ""
      },
      "width": 140.0
    },
    "Formula2.002": {
      "bl_idname": "Formula2Node",
      "color": [
        0.6079999804496765,
        0.6079999804496765,
        0.6079999804496765
      ],
      "height": 100.0,
      "hide": false,
      "label": "",
      "location": [
        335.5723876953125,
        -251.37783813476562
      ],
      "params": {
        "formula": "[[0,1],[1,2],[2,3],[3,0]]"
      },
      "width": 197.27218627929688
    },
    "Index Viewer Draw": {
      "bl_idname": "IndexViewerNode",
      "color": [
        0.6284880042076111,
        0.931007981300354,
        1.0
      ],
      "height": 100.0,
      "hide": false,
      "label": "",
      "location": [
        170.50228881835938,
        -1122.6722412109375
      ],
      "params": {
        "bg_verts_col": [
          0.4606058597564697,
          0.4606058597564697,
          0.4606058597564697,
          1.0
        ],
        "draw_bg": 1
      },
      "width": 140.0
    },
    "Index Viewer Draw.001": {
      "bl_idname": "IndexViewerNode",
      "color": [
        0.6284880042076111,
        0.931007981300354,
        1.0
      ],
      "height": 100.0,
      "hide": false,
      "label": "",
      "location": [
        160.18544006347656,
        -1659.801025390625
      ],
      "params": {
        "bg_verts_col": [
          0.38700079917907715,
          0.38700079917907715,
          0.38700079917907715,
          1.0
        ],
        "draw_bg": 1
      },
      "width": 140.0
    },
    "Integer": {
      "bl_idname": "IntegerNode",
      "color": [
        0.6079999804496765,
        0.6079999804496765,
        0.6079999804496765
      ],
      "height": 100.0,
      "hide": false,
      "label": "",
      "location": [
        -415.76959228515625,
        -1108.5731201171875
      ],
      "params": {
        "int_": 45
      },
      "width": 140.0
    },
    "Matrix in": {
      "bl_idname": "SvMatrixGenNodeMK2",
      "color": [
        0.6079999804496765,
        0.6079999804496765,
        0.6079999804496765
      ],
      "height": 100.0,
      "hide": false,
      "label": "",
      "location": [
        -53.31468200683594,
        -435.9494934082031
      ],
      "params": {},
      "width": 140.0
    },
    "Matrix in.001": {
      "bl_idname": "SvMatrixGenNodeMK2",
      "color": [
        0.6079999804496765,
        0.6079999804496765,
        0.6079999804496765
      ],
      "height": 100.0,
      "hide": false,
      "label": "",
      "location": [
        -198.20632934570312,
        -1182.143310546875
      ],
      "params": {},
      "width": 140.0
    },
    "Matrix in.003": {
      "bl_idname": "SvMatrixGenNodeMK2",
      "color": [
        0.6079999804496765,
        0.6079999804496765,
        0.6079999804496765
      ],
      "height": 100.0,
      "hide": false,
      "label": "",
      "location": [
        -234.1773681640625,
        -836.7166748046875
      ],
      "params": {},
      "width": 140.0
    },
    "Note": {
      "bl_idname": "NoteNode",
      "color": [
        1.0,
        0.8993440270423889,
        0.9742509722709656
      ],
      "height": 100.0,
      "hide": false,
      "label": "",
      "location": [
        -192.52847290039062,
        -1403.766357421875
      ],
      "params": {
        "text": "0.25*PI 0.75*PI 1.25*PI 1.75*PI"
      },
      "width": 320.0
    },
    "Note.001": {
      "bl_idname": "NoteNode",
      "color": [
        1.0,
        0.8993440270423889,
        0.9742509722709656
      ],
      "height": 100.0,
      "hide": false,
      "label": "",
      "location": [
        -315.69976806640625,
        -1803.592529296875
      ],
      "params": {
        "text": "0.5*PI"
      },
      "width": 320.0
    },
    "Vector X | Y | Z": {
      "bl_idname": "SvAxisInputNodeMK2",